"","Estimate","Pr(>|t|)","sig"
"codeRE",50.895,7.06009799985149e-05,1
"codeRL",11.518,0.000872997667559314,1
"codeRP",6.859,0.0595018252358076,0
"warmearly",-3.621,0.00801624686828253,1
"codeRE:year",-3.74,1.5026597128293e-05,1
"codeRL:year",-1.372,8.61444566241364e-08,1
"codeRP:year",-0.988,0.000274412147564238,1
"r2m",0.12,NA,NA
"r2c",0.206,NA,NA
